fixed.acidity,volatile.acidity,citric.acid,residual.sugar,chlorides,free.sulfur.dioxide,total.sulfur.dioxide,density,pH,sulphates,alcohol,id
6.7,0.29,0.45,14.3,0.054,30,181,0.99869,3.14,0.57,9.1,1
7.4,0.32,0.55,16.6,0.056,53,238,1.0017,2.96,0.58,8.7,2
7.6,0.38,0.2,3.4,0.046,9,116,0.9944,3.15,0.41,9.4,3
7.9,0.14,0.45,1.8,0.05,17,114,0.9948,3.33,0.49,10.7,4
7.9,0.16,0.3,7.4,0.05,58,152,0.99612,3.12,0.37,9.5,5
5.8,0.31,0.32,4.5,0.024,28,94,0.98906,3.25,0.52,13.7,6
7.8,0.28,0.34,1.6,0.028,32,118,0.9901,3,0.38,12.1,7
7,0.23,0.35,1.4,0.036,31,113,0.9912,3.16,0.48,10.8,8
6.8,0.35,0.44,6.5,0.056,31,161,0.9952,3.14,0.44,9.5,9
6.4,0.22,0.34,1.4,0.023,56,115,0.98958,3.18,0.7,11.7,10
6.2,0.46,0.25,4.4,0.066,62,207,0.9939,3.25,0.52,9.8,11
7.8,0.3,0.74,1.8,0.033,33,156,0.991,3.29,0.52,12.8,12
6.2,0.23,0.36,17.2,0.039,37,130,0.99946,3.23,0.43,8.8,13
6.5,0.18,0.41,14.2,0.039,47,129,0.99678,3.28,0.72,10.3,14
7.7,0.3,0.42,14.3,0.045,45,213,0.9991,3.18,0.63,9.2,15
7.2,0.39,0.63,11,0.044,55,156,0.9974,3.09,0.44,8.7,16
6.5,0.27,0.26,11,0.03,2,82,0.99402,3.07,0.36,11.2,17
7.3,0.19,0.49,15.55,0.058,50,134,0.9998,3.42,0.36,9.1,18
7,0.21,0.34,8.5,0.033,31,253,0.9953,3.22,0.56,10.5,19
5.8,0.25,0.26,13.1,0.051,44,148,0.9972,3.29,0.38,9.3,20
7.5,0.27,0.36,7,0.036,45,164,0.9939,3.03,0.33,11,21
6.9,0.3,0.36,0.9,0.037,40,156,0.98968,3.08,0.36,12.1,22
6.6,0.29,0.29,1.8,0.036,38,102,0.98819,3.08,0.42,13.7,23
6.6,0.17,0.36,1.9,0.036,38,110,0.99056,3.05,0.54,11.4,24
6.4,0.38,0.24,7.2,0.047,41,151,0.99604,3.11,0.6,9.2,25
6.8,0.19,0.71,17.5,0.042,21,114,0.99784,2.85,0.5,9.5,26
7.4,0.24,0.42,14,0.066,48,198,0.9979,2.89,0.42,8.9,27
6.8,0.31,0.32,7.6,0.052,35,143,0.9959,3.14,0.38,9,28
8.3,0.18,0.3,1.1,0.033,20,57,0.99109,3.02,0.51,11,29
7.3,0.2,0.29,19.5,0.039,69,237,1.00037,3.1,0.48,9.2,30
8.7,0.23,0.32,13.4,0.044,35,169,0.99975,3.12,0.47,8.8,31
6.4,0.22,0.56,14.5,0.055,27,159,0.998,2.98,0.4,9.1,32
6.9,0.2,0.5,10,0.036,78,167,0.9964,3.15,0.55,10.2,33
6.9,0.33,0.28,1.3,0.051,37,187,0.9927,3.27,0.6,10.3,34
6.7,0.3,0.29,2.8,0.025,37,107,0.99159,3.31,0.63,11.3,35
5.3,0.275,0.24,7.4,0.038,28,114,0.99313,3.38,0.51,11,36
6.4,0.22,0.32,7.2,0.028,15,83,0.993,3.13,0.55,10.9,37
6.5,0.32,0.34,5.7,0.044,27,91,0.99184,3.28,0.6,12,38
8.3,0.22,0.38,14.8,0.054,32,126,1.0002,3.22,0.5,9.7,39
6.4,0.43,0.27,1.1,0.054,5,110,0.9939,3.24,0.52,9.1,40
8.4,0.31,0.31,0.95,0.021,52,148,0.99038,2.93,0.32,11.5,41
5.8,0.18,0.37,1.2,0.036,19,74,0.98853,3.09,0.49,12.7,42
7.1,0.21,0.31,3.8,0.021,40,142,0.99215,3.17,0.39,10.8,43
5.7,0.32,0.5,2.6,0.049,17,155,0.9927,3.22,0.64,10,44
7.1,0.2,0.41,2.1,0.054,24,166,0.9948,3.48,0.62,10.5,45
6.8,0.53,0.35,3.8,0.034,26,109,0.9906,3.26,0.57,12.7,46
5.9,0.12,0.27,4.8,0.03,40,110,0.99226,3.55,0.68,12.1,47
6.1,0.28,0.3,7.75,0.031,33,139,0.99296,3.22,0.46,11,48
7.5,0.14,0.74,1.6,0.035,21,126,0.9933,3.26,0.45,10.2,49
7.3,0.19,0.27,13.9,0.057,45,155,0.99807,2.94,0.41,8.8,50
6,0.32,0.3,1.9,0.033,41,142,0.98912,3.29,0.42,12.8,51
7,0.13,0.37,12.85,0.042,36,105,0.99581,3.05,0.55,10.7,52
7.5,0.25,0.47,4.1,0.041,95,163,0.99184,2.92,0.59,11.3,53
6.2,0.32,0.16,7,0.045,30,136,0.9949,3.18,0.47,9.6,54
6.5,0.32,0.3,2.3,0.051,20,127,0.98964,3.13,0.52,12.8,55
6.4,0.19,0.42,2.9,0.032,32,83,0.9908,3.3,0.41,11.7,56
7,0.25,0.29,15.2,0.047,40,171,0.9982,3.22,0.45,9.3,57
7,0.29,0.37,4.9,0.034,26,127,0.9928,3.17,0.44,10.8,58
7.6,0.2,0.3,14.2,0.056,53,212.5,0.999,3.14,0.46,8.9,59
6.4,0.26,0.35,7.7,0.056,45,191,0.99527,3.16,0.5,9.5,60
7.5,0.33,0.48,19.45,0.048,55,243,1.001,2.95,0.4,8.8,61
6.7,0.62,0.24,1.1,0.039,6,62,0.9934,3.41,0.32,10.4,62
7,0.28,0.28,1.4,0.039,12,83,0.99173,3.18,0.65,11.1,63
6.8,0.16,0.4,2.3,0.037,18,102,0.9923,3.49,0.42,11.4,64
6.1,0.44,0.28,4.25,0.032,43,132,0.9916,3.26,0.47,11.2666666666667,65
7.7,0.46,0.18,3.3,0.054,18,143,0.99392,3.12,0.51,10.8,66
6.7,0.31,0.32,14.5,0.038,6,79,0.99412,3.14,0.34,12.5,67
7.4,0.29,0.25,3.8,0.044,30,114,0.992,3.11,0.4,11,68
6,0.16,0.27,12,0.03,39,98,0.99402,3.15,0.34,10.8,69
7.6,0.17,0.36,4.5,0.042,26,102,0.99427,3.09,0.47,9.5,70
6.4,0.5,0.2,2.4,0.059,19,112,0.99314,3.18,0.4,9.2,71
7.5,0.26,0.26,18.35,0.084,33,139,1.0011,3.17,0.39,8.8,72
5.3,0.23,0.56,0.9,0.041,46,141,0.99119,3.16,0.62,9.7,73
6,0.28,0.27,15.5,0.036,31,134,0.99408,3.19,0.44,13,74
6.7,0.41,0.34,9.2,0.049,29,150,0.9968,3.22,0.51,9.1,75
7.4,0.31,0.74,10.7,0.039,51,147,0.9977,3.02,0.43,8.7,76
7.3,0.4,0.28,6.5,0.037,26,97,0.99148,3.16,0.58,12.6,77
6.2,0.25,0.44,15.8,0.057,39,167,0.99804,3.14,0.51,9.2,78
6.9,0.26,0.27,4.2,0.031,20,80,0.99089,3.12,0.39,11.5,79
6.8,0.22,0.26,1.2,0.041,29,182,0.99104,3.04,0.35,11.2,80
5.9,0.65,0.23,5,0.035,20,128,0.99016,3.46,0.48,12.8,81
7,0.23,0.33,5.8,0.04,25,136,0.995,3.19,0.58,9.5,82
6.1,0.22,0.38,2.8,0.144,12,65,0.9908,2.95,0.64,11.4,83
6.5,0.39,0.23,5.4,0.051,25,149,0.9934,3.24,0.35,10,84
5.2,0.6,0.07,7,0.044,33,147,0.9944,3.33,0.58,9.7,85
8,0.23,0.46,1.5,0.03,30,125,0.9907,3.23,0.47,12.5,86
6.5,0.22,0.19,4.5,0.096,16,115,0.9937,3.02,0.44,9.6,87
6.8,0.2,0.27,1.2,0.034,19,68,0.9902,3.14,0.37,11.7,88
6.8,0.2,0.59,0.9,0.147,38,132,0.993,3.05,0.38,9.1,89
6.2,0.21,0.52,6.5,0.047,28,123,0.99418,3.22,0.49,9.9,90
7.7,0.43,0.28,4.5,0.046,33,102,0.9918,3.16,0.56,12.2,91
5.6,0.175,0.29,0.8,0.043,20,67,0.99112,3.28,0.48,9.9,92
7.9,0.345,0.51,15.3,0.047,54,171,0.9987,3.09,0.51,9.1,93
7.6,0.2,0.3,14.2,0.056,53,212.5,0.999,3.14,0.46,8.9,94
7.2,0.31,0.5,13.3,0.056,68,195,0.9982,3.01,0.47,9.2,95
7,0.35,0.24,1.9,0.04,21,144,0.9923,3.35,0.38,11,96
7.4,0.28,0.36,14.6,0.048,35,161,0.9968,3.14,0.56,10.6,97
5.9,0.28,0.14,8.6,0.032,30,142,0.99542,3.28,0.44,9.5,98
6.6,0.32,0.22,16.7,0.046,38,133,0.9979,3.22,0.67,10.4,99
5.6,0.21,0.4,1.3,0.041,81,147,0.9901,3.22,0.95,11.6,100
7.7,0.28,0.24,2.4,0.044,29,157,0.99312,3.27,0.56,10.6,101
6.4,0.2,0.28,2.5,0.032,24,84,0.99168,3.31,0.55,11.5,102
6.4,0.31,0.53,8.8,0.057,36,221,0.99642,3.17,0.44,9.1,103
7.7,0.275,0.3,1,0.039,19,75,0.992,3.01,0.56,10.7,104
6.7,0.46,0.21,4,0.034,12,88,0.99016,3.26,0.54,13,105
6.8,0.27,0.22,17.8,0.034,16,116,0.9989,3.07,0.53,9.2,106
5.8,0.335,0.14,5.8,0.046,49,197,0.9937,3.3,0.71,10.3,107
6.7,0.31,0.3,2.4,0.038,30,83,0.98867,3.09,0.36,12.8,108
6.6,0.55,0.01,2.7,0.034,56,122,0.9906,3.15,0.3,11.9,109
6.2,0.25,0.54,7,0.046,58,176,0.99454,3.19,0.7,10.4,110
8.3,0.28,0.45,7.8,0.059,32,139,0.9972,3.33,0.77,11.2,111
6.2,0.28,0.27,10.3,0.03,26,108,0.99388,3.2,0.36,10.7,112
9.2,0.28,0.46,3.2,0.058,39,133,0.996,3.14,0.58,9.5,113
6.7,0.11,0.34,8.8,0.043,41,113,0.9962,3.42,0.4,9.3,114
7.5,0.26,0.26,18.35,0.084,33,139,1.0011,3.17,0.39,8.8,115
6,0.36,0.32,1.1,0.053,26,173,0.99414,3.38,0.54,8.8,116
7.4,0.2,0.43,7.8,0.045,27,153,0.9964,3.19,0.55,9,117
6.8,0.19,0.33,4.9,0.047,42,130,0.99283,3.12,0.56,11,118
6,0.17,0.3,7.3,0.039,39,104,0.99252,2.91,0.57,11,119
7.3,0.33,0.4,6.85,0.038,32,138,0.992,3.03,0.3,11.9,120
6.6,0.27,0.49,7.8,0.049,62,217,0.9959,3.17,0.45,9.4,121
7.4,0.24,0.26,1.6,0.058,53,150,0.9936,3.18,0.5,9.9,122
7.5,0.29,0.67,8.1,0.037,53,166,0.9966,2.9,0.41,8.9,123
6.4,0.62,0.12,4.7,0.06,33,196,0.99556,3.22,0.48,8.9,124
7.4,0.23,0.38,8.6,0.052,41,150,0.99534,3.06,0.46,10.3,125
7.9,0.2,0.34,1.2,0.04,29,118,0.9932,3.14,0.41,10.6,126
7,0.16,0.36,2.6,0.029,28,98,0.99126,3.11,0.37,11.2,127
6.7,0.33,0.42,6.4,0.058,27,151,0.9954,3.16,0.44,9.6,128
5.2,0.34,0.37,6.2,0.031,42,133,0.99076,3.25,0.41,12.5,129
6.4,0.17,0.3,2.8,0.034,33,125,0.99152,3.03,0.49,10.4,130
6.3,0.28,0.22,9.5,0.04,30,111,0.99338,3.05,0.31,10.8,131
6.3,0.26,0.42,7.1,0.045,62,209,0.99544,3.2,0.53,9.5,132
6,0.29,0.41,10.8,0.048,55,149,0.9937,3.09,0.59,11,133
7.1,0.12,0.32,9.6,0.054,64,162,0.9962,3.4,0.41,9.4,134
7.8,0.16,0.41,1.7,0.026,29,140,0.991,3.02,0.78,12.5,135
6.8,0.25,0.24,4.55,0.053,41,211,0.9955,3.37,0.67,9.5,136
8,0.36,0.43,10.1,0.053,29,146,0.9982,3.4,0.46,9.5,137
6.8,0.16,0.29,10.4,0.046,59,143,0.99518,3.2,0.4,10.8,138
8.9,0.3,0.35,4.6,0.032,32,148,0.99458,3.15,0.45,11.5,139
6.3,0.34,0.33,4.6,0.034,19,80,0.9917,3.38,0.58,12,140
6.8,0.23,0.32,1.6,0.026,43,147,0.9904,3.29,0.54,12.5,141
7.1,0.25,0.28,1.2,0.04,31,111,0.99174,3.18,0.53,11.1,142
7.7,0.27,0.49,3.8,0.037,46,139,0.99116,3.04,0.38,11.6,143
7.9,0.19,0.26,2.1,0.039,8,143,0.9942,3.05,0.74,9.8,144
5.7,0.28,0.35,1.2,0.052,39,141,0.99108,3.44,0.69,11.3,145
7.8,0.3,0.74,1.8,0.033,33,156,0.991,3.29,0.52,12.8,146
7.1,0.34,0.15,1.2,0.053,61,183,0.9936,3.09,0.43,9.2,147
6.6,0.25,0.31,12.4,0.059,52,181,0.9984,3.51,0.47,9.8,148
6.2,0.27,0.32,6.3,0.048,47,159,0.99282,3.21,0.6,11,149
6.8,0.24,0.38,8.3,0.045,50,185,0.99578,3.15,0.5,9.5,150
6.3,0.37,0.28,6.3,0.034,45,152,0.9921,3.29,0.46,11.6,151
8,0.23,0.41,1.1,0.048,35,150,0.99168,3.09,0.47,11.2,152
5.9,0.2,0.4,1.3,0.047,23,92,0.99232,3.2,0.45,10,153
10,0.2,0.39,1.4,0.05,19,152,0.994,3,0.42,10.4,154
6.9,0.34,0.36,1.4,0.032,13,145,0.99214,3.07,0.52,9.8,155
7,0.32,0.29,7.6,0.025,35,124,0.99162,3.15,0.65,12.8,156
7.9,0.28,0.41,2,0.044,50,152,0.9934,3.45,0.49,10.7,157
6.6,0.64,0.28,4.4,0.032,19,78,0.99036,3.11,0.62,12.9,158
6.8,0.37,0.51,11.8,0.044,62,163,0.9976,3.19,0.44,8.8,159
8.8,0.33,0.44,6.35,0.024,9,87,0.9917,2.96,0.4,12.6,160
6.8,0.18,0.28,9.8,0.039,29,113,0.99406,3.11,0.45,10.9,161
6.2,0.36,0.27,3.2,0.032,13,73,0.98942,2.9,0.69,12.6,162
9.2,0.28,0.46,3.2,0.058,39,133,0.996,3.14,0.58,9.5,163
6.9,0.22,0.32,5.8,0.041,20,119,0.99296,3.17,0.55,11.2,164
7.4,0.25,0.29,6.8,0.02,31,113,0.99338,3.13,0.29,10.8,165
7.5,0.28,0.41,1.3,0.044,11,126,0.99293,3.28,0.45,10.3,166
5.7,0.22,0.2,16,0.044,41,113,0.99862,3.22,0.46,8.9,167
6.5,0.19,0.26,5.2,0.04,31,140,0.995,3.26,0.68,9.5,168
6.5,0.21,0.51,17.6,0.045,34,125,0.99966,3.2,0.47,8.8,169
6.9,0.22,0.32,9.3,0.04,22,110,0.9958,3.34,0.54,10.7,170
7.4,0.29,0.29,1.6,0.045,53,180,0.9936,3.34,0.68,10.5,171
5.4,0.595,0.1,2.8,0.042,26,80,0.9932,3.36,0.38,9.3,172
8.2,0.23,0.49,0.9,0.057,15,73,0.9928,3.07,0.38,10.4,173
5.7,0.33,0.32,1.4,0.043,28,93,0.9897,3.31,0.5,12.3,174
6.4,0.3,0.27,5,0.058,27,151,0.99198,3.22,0.49,12.2,175
6.4,0.13,0.47,1.6,0.092,40,158,0.9928,3.21,0.36,9.8,176
7,0.32,0.29,4.9,0.036,41,150,0.99168,3.38,0.43,12.2,177
7.6,0.31,0.27,5.8,0.036,23,109,0.99399,3.34,0.54,11,178
7.2,0.22,0.24,1.4,0.041,17,159,0.99196,3.25,0.53,11.2,179
7.7,0.24,0.31,1.3,0.047,33,106,0.993,3.22,0.55,10.8,180
5.7,0.18,0.36,1.2,0.046,9,71,0.99199,3.7,0.68,10.9,181
7.7,0.25,0.3,7.8,0.038,67,196,0.99555,3.1,0.5,10.1,182
6.9,0.4,0.37,8.9,0.053,36,148,0.996,3.16,0.5,9.3,183
6.5,0.43,0.28,11.25,0.032,31,87,0.9922,3.02,0.38,12.4,184
7.4,0.33,0.26,15.6,0.049,67,210,0.99907,3.06,0.68,9.5,185
6.4,0.3,0.3,2.25,0.038,8,210,0.9937,3.2,0.62,9.9,186
6.6,0.18,0.28,1.7,0.041,53,161,0.99207,3.13,0.45,10.2,187
5.9,0.44,0.33,1.2,0.049,12,117,0.99134,3.46,0.44,11.5,188
6.9,0.32,0.26,8.3,0.053,32,180,0.9965,3.25,0.51,9.2,189
5.8,0.29,0.15,1.1,0.029,12,83,0.9898,3.3,0.4,11.4,190
7.4,0.16,0.27,15.5,0.05,25,135,0.9984,2.9,0.43,8.7,191
7.3,0.26,0.33,11.8,0.057,48,127,0.99693,3.1,0.55,10,192
5.4,0.53,0.16,2.7,0.036,34,128,0.98856,3.2,0.53,13.2,193
5.9,0.28,0.39,1.4,0.031,47,147,0.98836,3.08,0.64,12.9,194
6.4,0.105,0.29,1.1,0.035,44,140,0.99142,3.17,0.55,10.7,195
6.2,0.25,0.25,1.4,0.03,35,105,0.9912,3.3,0.44,11.1,196
7.4,0.22,0.26,8.8,0.027,23,112,0.9931,2.98,0.41,11.4,197
6.9,0.4,0.17,12.9,0.033,59,186,0.99754,3.08,0.49,9.4,198
6.9,0.2,0.37,6.2,0.027,24,97,0.992,3.38,0.49,12.2,199
7.2,0.39,0.54,1.4,0.157,34,132,0.99449,3.11,0.53,9,200
6.6,0.33,0.32,15.6,0.054,62,227,0.99734,3.25,0.56,10.4,201
6.9,0.35,0.39,2.4,0.048,25,157,0.99133,3.2,0.54,11.1,202
6.6,0.22,0.23,17.3,0.047,37,118,0.99906,3.08,0.46,8.8,203
7.2,0.33,0.28,1.4,0.034,26,109,0.99246,3.28,0.57,10.6,204
6.4,0.26,0.22,5.1,0.037,23,131,0.9944,3.29,0.32,10.1,205
7,0.31,0.52,1.7,0.029,5,61,0.9918,3.07,0.43,10.4,206
6.9,0.31,0.32,1.2,0.024,20,166,0.99208,3.05,0.54,9.8,207
5.7,0.25,0.21,1.5,0.044,21,108,0.99142,3.3,0.59,11,208
7.4,0.24,0.22,10.7,0.042,26,81,0.9954,2.86,0.36,9.7,209
6.5,0.33,0.28,6.1,0.018,41,103,0.99122,3.24,0.32,12.2,210
7.3,0.17,0.36,8.2,0.028,44,111,0.99272,3.14,0.41,12.4,211
9,0.29,0.34,12.1,0.03,34,177,0.99706,3.13,0.47,10.6,212
7.7,0.26,0.51,2.6,0.045,26,159,0.99126,3,0.5,11.2,213
8.4,0.16,0.33,1.5,0.033,16,98,0.994,3.14,0.42,9.7,214
6.7,0.19,0.39,1,0.032,14,71,0.98912,3.31,0.38,13,215
8,0.22,0.32,10.4,0.043,63,201,0.997,3.11,0.53,9.5,216
6.9,0.19,0.38,1.15,0.023,30,105,0.99047,3.11,0.38,11.4,217
6.3,0.28,0.3,3.1,0.039,24,115,0.9942,3.05,0.43,8.6,218
6.8,0.32,0.18,7.5,0.041,71,223,0.9959,3.14,0.41,8.9,219
6.4,0.28,0.22,12.8,0.039,51,150,0.99535,3.23,0.43,10.7,220
7.7,0.24,0.27,1.8,0.051,52,190,0.9928,3.23,0.5,10.8,221
6.6,0.39,0.28,9.2,0.036,10,92,0.99206,3.07,0.35,12.1,222
6.1,0.36,0.58,15,0.044,42,115,0.9978,3.15,0.51,9,223
7,0.29,0.33,0.9,0.041,20,117,0.99048,3.21,0.5,11.4,224
7.4,0.19,0.3,12.8,0.053,48.5,229,0.9986,3.14,0.49,9.1,225
7.5,0.32,0.49,1.7,0.031,44,109,0.9906,3.07,0.46,12.5,226
6.4,0.28,0.56,1.7,0.156,49,106,0.99354,3.1,0.37,9.2,227
6,0.21,0.3,8.7,0.036,47,127,0.99368,3.18,0.39,10.6,228
8.5,0.17,0.74,3.6,0.05,29,128,0.9928,3.28,0.4,12.4,229
6,0.19,0.26,12.4,0.048,50,147,0.9972,3.3,0.36,8.9,230
7.3,0.19,0.25,1.4,0.051,41,107,0.99382,3.53,0.66,10.5,231
7.4,0.18,0.36,13.1,0.056,72,163,1,3.42,0.35,9.1,232
7.8,0.26,0.49,3.2,0.027,28,87,0.9919,3.03,0.32,11.3,233
8.5,0.15,0.49,1.5,0.031,17,122,0.9932,3.03,0.4,10.3,234
4.5,0.19,0.21,0.95,0.033,89,159,0.99332,3.34,0.42,8,235
6.4,0.105,0.29,1.1,0.035,44,140,0.99142,3.17,0.55,10.7,236
7.1,0.44,0.27,8.4,0.057,60,160,0.99257,3.16,0.36,11.8,237
6.8,0.18,0.46,1.4,0.064,37,160,0.9924,3.37,0.45,11.1,238
7.3,0.3,0.22,6.4,0.056,44,168,0.9947,3.13,0.35,10.1,239
4.8,0.65,0.12,1.1,0.013,4,10,0.99246,3.32,0.36,13.5,240
6.6,0.22,0.23,17.3,0.047,37,118,0.99906,3.08,0.46,8.8,241
7.2,0.39,0.62,11,0.047,66,178,0.9976,3.16,0.5,8.7,242
8.2,0.23,0.4,7.5,0.049,12,76,0.9966,3.06,0.84,9.7,243
7.2,0.23,0.46,6.4,0.036,17,85,0.99279,3.1,0.78,11.7,244
6.5,0.26,0.39,1.4,0.02,12,66,0.99089,3.25,0.75,11.3,245
7,0.2,0.3,6.1,0.037,31,120,0.9939,3.24,0.51,10.8,246
5.9,0.415,0.13,1.4,0.04,11,64,0.9922,3.29,0.52,10.5,247
7.6,0.47,0.49,13,0.239,42,220,0.9988,2.96,0.51,9.2,248
5.3,0.3,0.16,4.2,0.029,37,100,0.9905,3.3,0.36,11.8,249
6.4,0.105,0.29,1.1,0.035,44,140,0.99142,3.17,0.55,10.7,250
6.6,0.16,0.25,9.8,0.049,59.5,137,0.995,3.16,0.38,10,251
7.3,0.21,0.29,1.6,0.034,29,118,0.9917,3.3,0.5,11,252
6.7,0.16,0.32,12.5,0.035,18,156,0.99666,2.88,0.36,9,253
6.8,0.18,0.3,12.8,0.062,19,171,0.99808,3,0.52,9,254
6.9,0.19,0.6,4,0.037,6,122,0.99255,2.92,0.59,10.4,255
7.2,0.34,0.44,4.2,0.047,51,144,0.991,3.01,0.76,12.3,256
6.1,0.28,0.22,1.8,0.034,32,116,0.9898,3.36,0.44,12.6,257
6.8,0.29,0.49,1.4,0.142,52,148,0.9937,3.08,0.49,9,258
5.6,0.695,0.06,6.8,0.042,9,84,0.99432,3.44,0.44,10.2,259
6.3,0.19,0.33,10.1,0.063,63,133,0.99561,2.86,0.41,9.1,260
7.8,0.24,0.18,6.7,0.046,33,160,0.9963,3.2,0.56,9.8,261
7.1,0.3,0.36,6.8,0.055,44.5,234,0.9972,3.49,0.64,10.2,262
6.3,0.495,0.22,1.8,0.046,31,140,0.9929,3.39,0.54,10.4,263
6.6,0.19,0.43,10.9,0.045,53,154,0.99752,3.52,0.77,10.4,264
6.1,0.33,0.3,3,0.036,30,124,0.98922,3.31,0.4,13.1,265
7.4,0.38,0.34,8.3,0.052,44,168,0.99627,3.11,0.52,9.2,266
6.6,0.35,0.29,14.4,0.044,54,177,0.9991,3.17,0.58,8.9,267
9.3,0.34,0.49,7.3,0.052,30,146,0.998,3.17,0.61,10.2,268
7.1,0.14,0.35,1.4,0.039,24,128,0.99212,2.97,0.68,10.4,269
6.6,0.24,0.38,8,0.042,56,187,0.99577,3.21,0.46,9.2,270
7.3,0.25,0.41,1.8,0.037,52,165,0.9911,3.29,0.39,12.2,271
6.8,0.18,0.32,7.2,0.047,17,109,0.99498,3.42,0.44,10.4,272
7.6,0.22,0.28,12,0.056,68,143,0.9983,2.99,0.3,9.2,273
7.2,0.24,0.4,17.85,0.049,50,185,1,3.34,0.42,9.6,274
7.6,0.36,0.44,8.3,0.255,28,142,0.9958,3.12,0.43,10.2,275
6,0.29,0.25,1.4,0.033,30,114,0.98794,3.08,0.43,13.2,276
6.4,0.26,0.42,9.7,0.044,30,140,0.9962,3.18,0.47,9.1,277
7.4,0.26,0.31,2.4,0.043,58,178,0.9941,3.42,0.68,10.6,278
9.2,0.35,0.39,0.9,0.042,15,61,0.9924,2.96,0.28,10.4,279
6.8,0.31,0.09,1.4,0.04,56,145,0.9922,3.19,0.46,10,280
7,0.36,0.32,10.5,0.045,35,135,0.9935,3.09,0.33,11.6,281
6,0.16,0.3,6.7,0.043,43,153,0.9951,3.63,0.46,10.6,282
7.8,0.18,0.46,13.6,0.052,38,118,0.998,3.15,0.5,10,283
7.2,0.23,0.32,8.5,0.058,47,186,0.9956,3.19,0.4,9.9,284
7.2,0.28,0.38,2,0.052,23,156,0.9912,3.13,0.52,11.1,285
6,0.16,0.36,1.6,0.042,13,61,0.99143,3.22,0.54,10.8,286
6.4,0.29,0.44,3.6,0.197,75,183,0.9942,3.01,0.38,9.1,287
6.4,0.24,0.49,5.8,0.053,25,120,0.9942,3.01,0.98,10.5,288
7.1,0.37,0.3,6.2,0.04,49,139,0.99021,3.17,0.27,13.6,289
6.2,0.3,0.33,3.5,0.037,37,155,0.98987,3.18,0.37,12.4,290
6.3,0.34,0.28,14.7,0.047,49,198,0.9977,3.23,0.46,9.5,291
6.1,0.34,0.29,2.2,0.036,25,100,0.98938,3.06,0.44,11.8,292
6.6,0.21,0.38,2.2,0.026,40,104,0.9914,3.25,0.4,11.1,293
5,0.24,0.19,5,0.043,17,101,0.99438,3.67,0.57,10,294
8.3,0.18,0.3,1.1,0.033,20,57,0.99109,3.02,0.51,11,295
6.4,0.21,0.21,5.1,0.097,21,105,0.9939,3.07,0.46,9.6,296
7,0.22,0.32,1.6,0.045,40,120,0.9914,2.98,0.44,10.5,297
7.4,0.24,0.29,10.1,0.05,21,105,0.9962,3.13,0.35,9.5,298
6.6,0.56,0.22,8.9,0.034,27,133,0.99675,3.2,0.51,9.1,299
10.3,0.25,0.48,2.2,0.042,28,164,0.998,3.19,0.59,9.7,300
6.5,0.19,0.28,1.4,0.046,22,90,0.99038,3.18,0.51,11.7,301
6.6,0.13,0.29,13.9,0.056,33,95,0.99702,3.17,0.39,9.4,302
6.9,0.23,0.24,14.2,0.053,19,94,0.9982,3.17,0.5,9.6,303
6.9,0.19,0.35,1.7,0.036,33,101,0.99315,3.21,0.54,10.8,304
6.3,0.32,0.26,12.3,0.044,24,205,0.99611,3.11,0.58,9.9,305
8.6,0.26,0.41,2.2,0.049,29,111,0.9941,2.96,0.44,10,306
6,0.32,0.32,4.8,0.041,40,186,0.99235,3.22,0.54,11,307
6.8,0.22,0.37,15.2,0.051,68,178,0.99935,3.4,0.85,9.3,308
5.5,0.485,0,1.5,0.065,8,103,0.994,3.63,0.4,9.7,309
7.4,0.16,0.3,13.7,0.056,33,168,0.99825,2.9,0.44,8.7,310
7.6,0.16,0.44,1.4,0.043,25,109,0.9932,3.11,0.75,10.3,311
6.6,0.17,0.38,1.5,0.032,28,112,0.9914,3.25,0.55,11.4,312
7,0.12,0.29,10.3,0.039,41,98,0.99564,3.19,0.38,9.8,313
6.8,0.24,0.37,7.45,0.043,59,188,0.99579,3.2,0.5,9.4,314
7.2,0.18,0.45,4.4,0.046,57,166,0.9943,3.13,0.62,11.2,315
6.3,0.34,0.19,5.8,0.041,22,145,0.9943,3.15,0.63,9.9,316
6.8,0.3,0.33,12.8,0.041,60,168,0.99659,3.1,0.56,9.8,317
5.7,0.21,0.32,0.9,0.038,38,121,0.99074,3.24,0.46,10.6,318
6.5,0.23,0.25,17.3,0.046,15,110,0.99828,3.15,0.42,9.2,319
5.5,0.29,0.3,1.1,0.022,20,110,0.98869,3.34,0.38,12.8,320
6.1,0.32,0.25,1.7,0.034,37,136,0.992,3.47,0.5,10.8,321
6.6,0.34,0.25,4.8,0.038,16,121,0.99198,3.36,0.71,12.6,322
9.9,1.005,0.46,1.4,0.046,34,185,0.9966,3.02,0.49,10.2,323
7.7,0.15,0.29,1.3,0.029,10,64,0.9932,3.35,0.39,10.1,324
5.7,0.14,0.3,5.4,0.045,26,105,0.99469,3.32,0.45,9.3,325
7.6,0.3,0.22,10.2,0.049,57,191,0.9966,3.08,0.4,9.3,326
7.1,0.17,0.4,14.55,0.047,47,156,0.99945,3.34,0.78,9.1,327
6.1,0.27,0.43,7.5,0.049,65,243,0.9957,3.12,0.47,9,328
6.5,0.44,0.49,7.7,0.045,16,169,0.9957,3.11,0.37,8.7,329
7.3,0.25,0.29,7.5,0.049,38,158,0.9965,3.43,0.38,9.6,330
5.4,0.23,0.36,1.5,0.03,74,121,0.98976,3.24,0.99,12.1,331
7.8,0.21,0.34,11.9,0.039,55,140,0.9959,3.02,0.31,10.3,332
7.7,0.46,0.18,3.3,0.054,18,143,0.99392,3.12,0.51,10.8,333
6.5,0.22,0.19,1.1,0.064,36,191,0.99297,3.05,0.5,9.5,334
8.6,0.23,0.46,1,0.054,9,72,0.9941,2.95,0.49,9.1,335
6.1,0.23,0.27,9.8,0.055,74,134,0.99534,3.16,0.4,10.2,336
5.7,0.15,0.47,11.4,0.035,49,128,0.99456,3.03,0.34,10.5,337
5.6,0.12,0.33,2.9,0.044,21,73,0.98896,3.17,0.32,12.9,338
6.8,0.24,0.34,2.7,0.047,64.5,218.5,0.9934,3.3,0.58,9.7,339
7.3,0.49,0.32,5.2,0.043,18,104,0.9952,3.24,0.45,10.7,340
6.3,0.24,0.55,8.1,0.04,67,216,0.99596,3.24,0.5,9.2,341
8.4,0.2,0.38,11.8,0.055,51,170,1.0004,3.34,0.82,8.9,342
5.3,0.31,0.38,10.5,0.031,53,140,0.99321,3.34,0.46,11.7,343
6.8,0.39,0.31,14.35,0.043,28,162,0.9988,3.17,0.54,9.1,344
7.9,0.22,0.24,4.6,0.044,39,159,0.9927,2.99,0.28,11.5,345
6.2,0.18,0.3,1,0.031,23,73,0.99032,3.23,0.52,11.3,346
5.4,0.29,0.47,3,0.052,47,145,0.993,3.29,0.75,10,347
6,0.17,0.33,6,0.036,30,111,0.99362,3.32,0.58,10.15,348
6.8,0.21,0.27,18.15,0.042,41,146,1.0001,3.3,0.36,8.7,349
7.2,0.25,0.28,14.4,0.055,55,205,0.9986,3.12,0.38,9,350
8.3,0.49,0.23,6.65,0.034,6,158,0.99344,3.05,0.48,11.2,351
6.4,0.31,0.28,1.5,0.037,12,119,0.9919,3.32,0.51,10.4,352
6.2,0.37,0.22,8.3,0.025,36,216,0.9964,3.33,0.6,9.6,353
5.5,0.18,0.22,5.5,0.037,10,86,0.99156,3.46,0.44,12.2,354
7.1,0.26,0.37,5.5,0.025,31,105,0.99082,3.06,0.33,12.6,355
5.8,0.27,0.26,3.5,0.071,26,69,0.98994,3.1,0.38,11.5,356
6.4,0.17,0.34,1.5,0.091,42,135,0.9938,3.25,0.49,9.6,357
7.2,0.34,0.34,12.6,0.048,7,41,0.9942,3.19,0.4,11.7,358
5.7,0.21,0.24,2.3,0.047,60,189,0.995,3.65,0.72,10.1,359
9,0.55,0.3,8.1,0.026,14,71,0.993,2.94,0.36,11.8,360
8.3,0.18,0.37,1.2,0.049,6,94,0.9937,3.18,0.52,10.1,361
6.6,0.34,0.4,8.1,0.046,68,170,0.99494,3.15,0.5,9.53333333333333,362
7.2,0.31,0.5,13.3,0.056,68,195,0.9982,3.01,0.47,9.2,363
6,0.26,0.29,1,0.032,27,96,0.9896,3.38,0.44,12.3,364
6.4,0.145,0.49,5.4,0.048,54,164,0.9946,3.56,0.44,10.8,365
6.8,0.35,0.53,10.1,0.053,37,151,0.9963,3.07,0.4,9.4,366
6.5,0.41,0.22,4.8,0.052,49,142,0.9946,3.14,0.62,9.2,367
7.4,0.23,0.25,1.4,0.049,43,141,0.9934,3.42,0.54,10.2,368
6.5,0.29,0.25,10.6,0.039,32,120,0.9962,3.31,0.34,10.1,369
7.7,0.18,0.3,1.2,0.046,49,199,0.99413,3.03,0.38,9.3,370
5.3,0.32,0.23,9.65,0.026,26,119,0.99168,3.18,0.53,12.2,371
7.7,0.11,0.34,14.05,0.04,41,114,0.99634,3.07,0.59,11,372
6.8,0.46,0.26,6.3,0.147,49,159,0.99434,3.14,0.47,10,373
6.9,0.56,0.26,10.9,0.06,55,193,0.9969,3.21,0.44,9.4,374
5.8,0.23,0.31,4.5,0.046,42,124,0.99324,3.31,0.64,10.8,375
8.1,0.28,0.46,15.4,0.059,32,177,1.0004,3.27,0.58,9,376
7,0.44,0.24,12.1,0.056,68,210,0.99718,3.05,0.5,9.5,377
7.1,0.22,0.74,2.7,0.044,42,144,0.991,3.31,0.41,12.2,378
7,0.24,0.24,1.8,0.047,29,91,0.99251,3.3,0.43,9.9,379
7.4,0.15,0.42,1.7,0.045,49,154,0.992,3,0.6,10.4,380
6.15,0.21,0.37,3.2,0.021,20,80,0.99076,3.39,0.47,12,381
5,0.2,0.4,1.9,0.015,20,98,0.9897,3.37,0.55,12.05,382
5,0.27,0.4,1.2,0.076,42,124,0.99204,3.32,0.47,10.1,383
5.6,0.26,0.5,11.4,0.029,25,93,0.99428,3.23,0.49,10.5,384
7.1,0.2,0.3,0.9,0.019,4,28,0.98931,3.2,0.36,12,385
7.4,0.25,0.37,13.5,0.06,52,192,0.9975,3,0.44,9.1,386
6.5,0.25,0.5,7.6,0.047,54,184,0.99572,3.17,0.45,9.2,387
6.9,0.33,0.21,1,0.053,39,148,0.9927,3.12,0.45,9.4,388
7.4,0.25,0.37,2.6,0.05,24,132,0.99138,3.04,0.53,11.2,389
8,0.2,0.44,1,0.057,24,111,0.99158,3.09,0.32,11.2,390
8,0.25,0.49,9,0.044,31,185,0.998,3.34,0.49,10,391
7.8,0.26,0.31,3.6,0.025,22,100,0.99066,2.99,0.47,12.1,392
7.4,0.3,0.49,8.2,0.055,49,188,0.9974,3.52,0.58,9.7,393
8,0.27,0.24,1.2,0.044,20,102,0.9929,3.28,0.42,10.9,394
5,0.55,0.14,8.3,0.032,35,164,0.9918,3.53,0.51,12.5,395
6.4,0.23,0.35,10.3,0.042,54,140,0.9967,3.23,0.47,9.2,396
6.9,0.36,0.35,8.6,0.038,37,125,0.9916,3,0.32,12.4,397
7.8,0.49,0.49,7,0.043,29,149,0.9952,3.21,0.33,10,398
5.6,0.23,0.29,3.1,0.023,19,89,0.99068,3.25,0.51,11.2,399
6.7,0.24,0.41,8.7,0.036,29,148,0.9952,3.22,0.62,9.9,400
7,0.28,0.26,1.7,0.042,34,130,0.9925,3.43,0.5,10.7,401
6.4,0.24,0.28,11.5,0.05,34,163,0.9969,3.31,0.45,9.5,402
6.6,0.25,0.29,1.1,0.068,39,124,0.9914,3.34,0.58,11,403
6.9,0.14,0.38,1,0.041,22,81,0.99043,3.03,0.54,11.4,404
8.1,0.3,0.49,12.3,0.049,50,144,0.9971,3.09,0.57,10.2,405
6.4,0.33,0.44,8.9,0.055,52,164,0.99488,3.1,0.48,9.6,406
6.6,0.2,0.27,10.9,0.038,29,130,0.99496,3.11,0.44,10.5,407
7.2,0.25,0.28,14.4,0.055,55,205,0.9986,3.12,0.38,9,408
8.6,0.37,0.7,12.15,0.039,21,158,0.9983,3,0.73,9.3,409
8.8,0.2,0.43,15,0.053,60,184,1.0008,3.28,0.79,8.8,410
6.9,0.22,0.31,6.3,0.029,41,131,0.99326,3.08,0.49,10.8,411
6.1,0.3,0.47,1.4,0.049,50,187,0.9927,3.19,0.45,9.5,412
7.5,0.23,0.68,11,0.047,37,133,0.9978,2.99,0.38,8.8,413
6,0.45,0.65,9.7,0.08,11,159,0.9956,3.04,0.48,9.4,414
7.8,0.28,0.31,2.1,0.046,28,208,0.99434,3.23,0.64,9.8,415
7.3,0.18,0.31,17.3,0.055,32,197,1.0002,3.13,0.46,9,416
5.2,0.24,0.45,3.8,0.027,21,128,0.992,3.55,0.49,11.2,417
5.6,0.27,0.37,0.9,0.025,11,49,0.98845,3.29,0.33,13.1,418
7.4,0.2,0.31,1.6,0.038,34,116,0.9912,3.25,0.39,12,419
6.6,0.435,0.38,9.2,0.058,66,243,0.99833,3.23,0.54,9.1,420
7.2,0.25,0.39,18.95,0.038,42,155,0.9999,2.97,0.47,9,421
7.2,0.35,0.25,5.6,0.032,23,120,0.99334,2.93,0.66,10.3,422
7,0.16,0.73,1,0.138,58,150,0.9936,3.08,0.3,9.2,423
6.3,0.2,0.4,1.5,0.037,35,107,0.9917,3.46,0.5,11.4,424
6.9,0.2,0.4,7.7,0.032,51,176,0.9939,3.22,0.27,11.4,425
7.2,0.615,0.1,1.4,0.068,25,154,0.99499,3.2,0.48,9.7,426
7.7,0.32,0.62,10.6,0.036,56,153,0.9978,3.13,0.44,8.9,427
6.5,0.22,0.32,2.2,0.028,36,92,0.99076,3.27,0.59,11.9,428
6.9,0.28,0.33,1.2,0.039,16,98,0.9904,3.07,0.39,11.7,429
6,0.32,0.3,1.9,0.033,41,142,0.98912,3.29,0.42,12.8,430
5.8,0.13,0.22,12.7,0.058,24,183,0.9956,3.32,0.42,11.7,431
6.7,0.31,0.34,6.8,0.059,51,215,0.99538,3.33,0.56,10.3,432
6.3,0.23,0.5,10.4,0.043,61,132,0.99542,2.86,0.46,9.1,433
7.4,0.41,0.66,10.8,0.051,77,194,0.9976,3.05,0.46,8.7,434
7.6,0.26,0.58,7.9,0.041,62,180,0.9966,3.07,0.38,9,435
7.9,0.35,0.36,1.6,0.038,11,124,0.9928,3.25,0.48,11,436
6.8,0.17,0.34,2,0.04,38,111,0.99,3.24,0.45,12.9,437
6,0.33,0.27,0.8,0.185,12,188,0.9924,3.12,0.62,9.4,438
7.2,0.15,0.39,1.8,0.043,21,159,0.9948,3.52,0.47,10,439
6.8,0.25,0.18,1.4,0.056,13,137,0.9935,3.11,0.42,9.5,440
6.9,0.29,0.32,5.8,0.04,16,112,0.993,3.04,0.58,11.2,441
7.2,0.24,0.3,1.2,0.037,11,95,0.98914,2.96,0.36,12.5,442
6.2,0.24,0.35,1.2,0.038,22,167,0.9912,3.1,0.48,10.6,443
7.2,0.33,0.34,2,0.044,61,171,0.98947,3.25,0.53,13.3,444
5.6,0.225,0.24,9.8,0.054,59,140,0.99545,3.17,0.39,10.2,445
6.7,0.39,0.24,2.7,0.017,22,80,0.99084,3.03,0.37,11.5,446
6.5,0.22,0.72,6.8,0.042,33,168,0.9958,3.12,0.36,9.2,447
5.7,0.23,0.28,9.65,0.025,26,121,0.9925,3.28,0.38,11.3,448
7.8,0.19,0.26,8.9,0.039,42,182,0.996,3.18,0.46,9.9,449
6.3,0.27,0.25,5.8,0.038,52,155,0.995,3.28,0.38,9.4,450
6.5,0.13,0.27,2.6,0.035,32,76,0.9914,3.21,0.76,11.3333333333333,451
7.6,0.17,0.27,4.6,0.05,23,98,0.99422,3.08,0.47,9.5,452
6.4,0.34,0.23,6.3,0.039,37,143,0.9944,3.19,0.65,10,453
7.2,0.21,0.34,11.9,0.043,37,213,0.9962,3.09,0.5,9.6,454
7.3,0.38,0.23,6.5,0.05,18,102,0.99304,3.1,0.55,11.2,455
7.3,0.3,0.42,7.35,0.025,51,175,0.9928,3.04,0.32,11.4,456
6.2,0.3,0.17,2.8,0.04,24,125,0.9939,3.01,0.46,9,457
7.1,0.28,0.26,1.9,0.049,12,86,0.9934,3.15,0.38,9.4,458
7.2,0.28,0.26,12.5,0.046,48,179,0.9975,3.1,0.52,9,459
7.9,0.22,0.49,3.8,0.042,26,105,0.993,3.1,0.39,10.5,460
6.4,0.21,0.3,5.6,0.044,43,160,0.9949,3.6,0.41,10.6,461
8.4,0.31,0.31,0.95,0.021,52,148,0.99038,2.93,0.32,11.5,462
6.8,0.26,0.33,1.5,0.047,44,167,0.9928,3.12,0.44,10.5,463
6.7,0.31,0.31,9.9,0.04,10,175,0.9953,3.46,0.55,11.4,464
5.8,0.555,0.26,4.5,0.053,17,126,0.9943,3.24,0.46,9.1,465
6.9,0.23,0.33,12.8,0.056,44,169,0.998,3.42,0.42,9.8,466
8.6,0.485,0.29,4.1,0.026,19,101,0.9918,3.01,0.38,12.4,467
6.4,0.22,0.34,1.8,0.057,29,104,0.9959,3.81,0.57,10.3,468
6.7,0.41,0.24,5.4,0.035,33,115,0.9901,3.12,0.44,12.8933333333333,469
7.8,0.34,0.35,1.8,0.042,8,167,0.9908,3.11,0.41,12.1,470
10,0.23,0.27,14.1,0.033,45,166,0.9988,2.72,0.43,9.7,471
6.4,0.23,0.32,1.9,0.038,40,118,0.99074,3.32,0.53,11.8,472
8,0.18,0.37,1.3,0.04,15,96,0.9912,3.06,0.61,12.1,473
4.8,0.225,0.38,1.2,0.074,47,130,0.99132,3.31,0.4,10.3,474
6.8,0.3,0.27,11.6,0.028,22,97,0.99314,2.96,0.38,11.7,475
6.5,0.43,0.28,12,0.056,23,174,0.9986,3.31,0.55,9.3,476
6.2,0.2,0.29,11.8,0.035,21,93,0.99364,3.18,0.34,11.9,477
7.4,0.25,0.28,7.25,0.028,14,78,0.99238,2.94,0.37,11.5,478
8.5,0.26,0.21,16.2,0.074,41,197,0.998,3.02,0.5,9.8,479
9.4,0.24,0.29,8.5,0.037,124,208,0.99395,2.9,0.38,11,480
6.4,0.2,0.15,6.6,0.046,26,113,0.99408,2.99,0.58,9.9,481
7.6,0.13,0.34,9.3,0.062,40,126,0.9966,3.21,0.39,9.6,482
6.4,0.43,0.32,1.4,0.048,10,67,0.992,3.08,0.41,11.4,483
6.4,0.18,0.74,11.9,0.046,54,168,0.9978,3.58,0.68,10.1,484
6.8,0.26,0.43,11.75,0.045,53,198,0.9969,3.26,0.55,9.5,485
8.4,0.22,0.3,8.9,0.024,17,118,0.99456,2.99,0.34,10.5,486
6.2,0.3,0.32,1.3,0.054,27,183,0.99266,3.3,0.43,10.1,487
5.7,0.22,0.25,1.1,0.05,97,175,0.99099,3.44,0.62,11.1,488
6.5,0.37,0.33,3.9,0.027,40,130,0.9906,3.28,0.39,12.7,489
7.7,0.31,0.23,2,0.069,29,134,0.99382,3.11,0.62,9.8,490
6.5,0.43,0.28,11.25,0.032,31,87,0.9922,3.02,0.38,12.4,491
5.9,0.37,0.32,1.6,0.029,41,102,0.98916,3.41,0.55,12.7,492
5.8,0.22,0.29,0.9,0.034,34,89,0.98936,3.14,0.36,11.1,493
6,0.34,0.66,15.9,0.046,26,164,0.9979,3.14,0.5,8.8,494
9.4,0.29,0.55,2.2,0.05,17,119,0.9962,3.12,0.69,10.3,495
5,0.24,0.34,1.1,0.034,49,158,0.98774,3.32,0.32,13.1,496
6,0.16,0.22,1.6,0.042,36,106,0.9905,3.24,0.32,11.4,497
7.4,0.19,0.31,14.5,0.045,39,193,0.9986,3.1,0.5,9.2,498
6.2,0.24,0.29,13.3,0.039,49,130,0.9952,3.33,0.46,11,499
5.8,0.28,0.28,4.2,0.044,52,158,0.992,3.35,0.44,10.7,500
6.7,0.3,0.5,12.1,0.045,38,127,0.9974,3.04,0.53,8.9,501
7.1,0.85,0.49,8.7,0.028,40,184,0.9962,3.22,0.36,10.7,502
6,0.28,0.27,15.5,0.036,31,134,0.99408,3.19,0.44,13,503
6,0.2,0.32,3,0.031,26,118,0.99134,3.38,0.68,11.2,504
6.1,0.31,0.26,2.2,0.051,28,167,0.9926,3.37,0.47,10.4,505
6.6,0.78,0.5,1.5,0.045,30,133,0.99104,3.25,0.48,11.7,506
6.5,0.27,0.26,8.2,0.042,21,133,0.99612,3.43,0.64,9.8,507
6,0.22,0.25,11.1,0.056,112,177,0.9961,3.08,0.36,9.4,508
6.5,0.27,0.19,6.6,0.045,98,175,0.99364,3.16,0.34,10.1,509
6,0.35,0.51,1.2,0.029,10,102,0.9903,3.46,0.42,11.9,510
6.9,0.38,0.29,13.65,0.048,52,189,0.99784,3,0.6,9.5,511
5.4,0.3,0.3,1.2,0.029,25,93,0.98742,3.31,0.4,13.6,512
7,0.21,0.31,6,0.046,29,108,0.9939,3.26,0.5,10.8,513
8.5,0.24,0.47,15.2,0.057,40,234,1.0005,3.02,0.66,9,514
8.4,0.27,0.3,2.2,0.037,36,129,0.99085,2.89,0.3,11.4666666666667,515
6.1,0.28,0.25,17.75,0.044,48,161,0.9993,3.34,0.48,9.5,516
6.1,0.41,0,1.6,0.063,36,87,0.9914,3.27,0.67,10.8,517
6.3,0.2,0.26,12.7,0.046,60,143,0.99526,3.26,0.35,10.8,518
7.5,0.3,0.32,1.4,0.032,31,161,0.99154,2.95,0.42,10.5,519
6,0.24,0.27,1.9,0.048,40,170,0.9938,3.64,0.54,10,520
5.2,0.16,0.34,0.8,0.029,26,77,0.99155,3.25,0.51,10.1,521
7.4,0.27,0.26,11.8,0.053,55,173,0.99699,3.11,0.6,9.8,522
7.4,0.16,0.27,15.5,0.05,25,135,0.9984,2.9,0.43,8.7,523
5.9,0.23,0.24,1.6,0.037,32,115,0.99076,3.21,0.51,11.4,524
7.3,0.22,0.41,15.4,0.05,55,191,1,3.32,0.59,8.9,525
9.2,0.27,0.34,10.5,0.043,49,228,0.9974,3.04,0.41,10.4,526
8.1,0.22,0.28,7.7,0.043,57,176,0.9954,3.12,0.55,10,527
6.9,0.24,0.35,1,0.052,35,146,0.993,3.45,0.44,10,528
9.5,0.42,0.41,2.3,0.034,22,145,0.9951,3.06,0.52,11,529
5.3,0.165,0.24,1.1,0.051,25,105,0.9925,3.32,0.47,9.1,530
6,0.27,0.15,1.5,0.056,35,128,0.9936,3.12,0.45,8.8,531
6.2,0.35,0.04,1.2,0.06,23,108,0.9934,3.26,0.54,9.2,532
8.1,0.26,0.3,7.8,0.049,39,152,0.9954,2.99,0.58,10,533
6.9,0.25,0.27,9.05,0.039,37,128,0.9936,3.27,0.34,11.3,534
6.3,0.28,0.22,11.5,0.036,27,150,0.99445,3,0.33,10.6,535
6.8,0.18,0.28,9.8,0.039,29,113,0.99406,3.11,0.45,10.9,536
9.4,0.23,0.56,16.45,0.063,52.5,282,1.00098,3.1,0.51,9.3,537
6,0.2,0.26,14.7,0.045,53,125,0.998365,2.99,0.69,9.4,538
7.2,0.19,0.46,3.8,0.041,82,187,0.9932,3.19,0.6,11.2,539
6.5,0.3,0.29,2.25,0.037,8,210,0.9937,3.19,0.62,9.9,540
6.8,0.25,0.34,4.7,0.031,34,134,0.9927,3.21,0.38,10.6,541
6.4,0.45,0.07,1.1,0.03,10,131,0.9905,2.97,0.28,10.8,542
6.6,0.26,0.27,1.5,0.04,19,114,0.99295,3.36,0.62,10.5,543
6.9,0.22,0.39,6,0.035,44,141,0.99123,3.11,0.33,12.5,544
7.2,0.31,0.26,7.3,0.05,37,157,0.99625,3.09,0.43,9,545
7,0.27,0.74,1.5,0.036,27,122,0.9926,3.35,0.48,11.2,546
7.6,0.19,0.41,1.1,0.04,38,143,0.9907,2.92,0.42,11.4,547
7.8,0.3,0.37,1.3,0.051,16,96,0.9941,3.32,0.62,10,548
6.3,0.3,0.48,7.4,0.053,34,149,0.99472,3.18,0.53,9.8,549
6,0.3,0.33,2.1,0.042,31,127,0.98964,3.32,0.42,12.5,550
5.8,0.385,0.25,3.7,0.031,38,122,0.99128,3.2,0.63,11.2,551
7.4,0.33,0.26,15.6,0.049,67,210,0.99907,3.06,0.68,9.5,552
6.2,0.28,0.22,7.3,0.041,26,157,0.9957,3.44,0.64,9.8,553
6.8,0.51,0.3,4.2,0.066,38,165,0.9945,3.2,0.42,9.1,554
7.6,0.21,0.6,2.1,0.046,47,165,0.9936,3.05,0.54,10.1,555
5.7,0.22,0.22,16.65,0.044,39,110,0.99855,3.24,0.48,9,556
7,0.18,0.37,1.5,0.043,16,104,0.99216,3.18,0.5,10.8,557
7.4,0.3,0.22,1.4,0.046,16,135,0.9928,3.08,0.77,10.4,558
5.5,0.3,0.25,1.9,0.029,33,118,0.98972,3.36,0.66,12.5,559
6,0.33,0.2,1.8,0.031,49,159,0.9919,3.41,0.53,11,560
6.6,0.23,0.2,11.4,0.044,45,131,0.99604,2.96,0.51,9.7,561
6.9,0.29,0.4,19.45,0.043,36,156,0.9996,2.93,0.47,8.9,562
6,0.28,0.22,12.15,0.048,42,163,0.9957,3.2,0.46,10.1,563
6.4,0.22,0.38,9.1,0.044,35,127,0.99326,2.97,0.3,11,564
5.8,0.24,0.39,1.5,0.054,37,158,0.9932,3.21,0.52,9.3,565
7.6,0.31,0.27,8.8,0.021,57,156,0.99442,3.08,0.38,11,566
7,0.23,0.42,18.05,0.05,35,144,0.9999,3.22,0.42,8.8,567
7.3,0.22,0.4,14.75,0.042,44.5,129.5,0.9998,3.36,0.41,9.1,568
7.9,0.36,0.53,12.9,0.049,63,139,0.99792,2.94,0.45,9.1,569
6.9,0.18,0.3,2,0.038,39,190,0.9914,3.32,0.37,12.2,570
7.3,0.28,0.54,12.9,0.049,62,162.5,0.9984,3.06,0.45,9.1,571
6,0.23,0.34,1.3,0.025,23,111,0.98961,3.36,0.37,12.7,572
7.2,0.24,0.27,11.4,0.034,40,174,0.99773,3.2,0.44,9,573
7.6,0.21,0.44,1.9,0.036,10,119,0.9913,3.01,0.7,12.8,574
6.9,0.3,0.36,4.5,0.054,31,203,0.99513,3.4,0.57,10.4,575
7.2,0.23,0.32,8.5,0.058,47,186,0.9956,3.19,0.4,9.9,576
6.4,0.24,0.22,1.5,0.038,38,157,0.9934,3.41,0.55,9.9,577
7.1,0.2,0.37,1.5,0.049,28,129,0.99226,3.15,0.52,10.8,578
7.2,0.21,0.37,1.6,0.049,23,94,0.9924,3.16,0.48,10.9,579
6.8,0.27,0.24,4.6,0.098,36,127,0.99412,3.15,0.49,9.6,580
9,0.26,0.34,6.7,0.029,21,162,0.99497,3.08,0.5,10.6,581
6.1,0.2,0.34,9.5,0.041,38,201,0.995,3.14,0.44,10.1,582
7.4,0.28,0.3,5.3,0.054,44,161,0.9941,3.12,0.48,10.3,583
7.9,0.21,0.4,1.2,0.039,38,107,0.992,3.21,0.54,10.8,584
6.5,0.33,0.32,1,0.041,39,120,0.99004,3.06,0.37,12.2,585
6.8,0.46,0.26,2.7,0.042,28,83,0.99114,3.38,0.51,12,586
6.9,0.15,0.28,4.4,0.029,14,107,0.99347,3.24,0.46,10.4,587
7.8,0.3,0.4,1.8,0.028,23,122,0.9914,3.14,0.39,10.9,588
6.6,0.18,0.26,17.3,0.051,17,149,0.9984,3,0.43,9.4,589
6.5,0.29,0.52,1.7,0.034,41,193,0.99223,3.25,0.59,10.4,590
8,0.3,0.28,5.7,0.044,31,124,0.9948,3.16,0.51,10.2,591
5.1,0.26,0.33,1.1,0.027,46,113,0.98946,3.35,0.43,11.4,592
6.3,0.22,0.57,1.4,0.208,14,96,0.9932,3.16,0.43,10,593
6.7,0.26,0.49,8.3,0.047,54,191,0.9954,3.23,0.4,10.3,594
6.4,0.35,0.2,5.7,0.034,18,117,0.9944,3.33,0.43,10.1,595
6.1,0.55,0.15,9.8,0.031,19,125,0.9957,3.36,0.47,10.2,596
7.3,0.3,0.33,2.3,0.043,28,125,0.99084,3.34,0.44,12.6,597
6.6,0.24,0.27,1.4,0.057,33,152,0.9934,3.22,0.56,9.5,598
7.1,0.27,0.24,12.6,0.044,48,118,0.99726,3.04,0.56,10,599
6.9,0.35,0.74,1,0.044,18,132,0.992,3.13,0.55,10.2,600
7,0.2,0.34,5.7,0.035,32,83,0.9928,3.19,0.46,11.5,601
7.1,0.36,0.2,1.6,0.271,24,140,0.99356,3.11,0.63,9.8,602
6.8,0.21,0.55,14.6,0.053,34,159,0.99805,2.93,0.44,9.2,603
6.3,0.24,0.37,1.8,0.031,6,61,0.9897,3.3,0.34,12.2,604
6.3,0.38,0.17,8.8,0.08,50,212,0.99803,3.47,0.66,9.4,605
6.3,0.2,0.3,5.9,0.034,35,152,0.99642,3.47,0.4,8.5,606
8,0.34,0.25,6.4,0.035,38,103,0.99148,2.91,0.23,12.2,607
7.4,0.41,0.34,4.7,0.042,19,127,0.9953,3.25,0.42,10.4,608
7,0.33,0.78,9.9,0.042,21,251,0.99435,3.01,0.55,11,609
7,0.22,0.33,2.1,0.052,15,76,0.993,3.2,0.41,10.6,610
5.6,0.205,0.16,12.55,0.051,31,115,0.99564,3.4,0.38,10.8,611
6.4,0.23,0.26,8.1,0.054,47,181,0.9954,3.12,0.49,9.4,612
5.3,0.26,0.23,5.15,0.034,48,160,0.9952,3.82,0.51,10.5,613
5.8,0.21,0.32,1.6,0.045,38,95,0.98946,3.23,0.94,12.4,614
5.3,0.585,0.07,7.1,0.044,34,145,0.9945,3.34,0.57,9.7,615
8,0.17,0.29,2.4,0.029,52,119,0.98944,3.03,0.33,12.9,616
7.8,0.22,0.36,1.4,0.056,21,153,0.993,3.2,0.53,10.4,617
8,0.57,0.39,3.9,0.034,22,122,0.9917,3.29,0.67,12.8,618
6,0.39,0.26,2.7,0.038,39,187,0.99325,3.41,0.5,10.8,619
5.8,0.3,0.33,3.5,0.033,25,116,0.99057,3.2,0.44,11.7,620
7,0.23,0.33,1,0.043,46,110,0.99118,3.04,0.65,10.8,621
6.5,0.25,0.45,7.8,0.048,52,188,0.99576,3.2,0.53,9.1,622
6.9,0.31,0.33,12.7,0.038,33,116,0.9954,3.04,0.65,10.4,623
6.6,0.23,0.24,3.9,0.045,36,138,0.9922,3.15,0.64,11.3,624
6.9,0.28,0.37,9.1,0.037,16,76,0.9948,3.05,0.54,11.1,625
5.1,0.52,0.06,2.7,0.052,30,79,0.9932,3.32,0.43,9.3,626
6.2,0.25,0.48,10,0.044,78,240,0.99655,3.25,0.47,9.5,627
4.9,0.235,0.27,11.75,0.03,34,118,0.9954,3.07,0.5,9.4,628
6.7,0.22,0.22,1.2,0.038,5,124,0.99098,3.1,0.37,11.2,629
6.9,0.18,0.36,1.3,0.036,40,117,0.9934,3.27,0.95,9.5,630
6.3,0.22,0.34,1.2,0.036,32,96,0.98961,3.06,0.74,11.6,631
6.7,0.64,0.3,1.2,0.03,18,76,0.9892,3.16,0.6,12.9,632
7,0.16,0.3,2.6,0.043,34,90,0.99047,2.88,0.47,11.2,633
7.4,0.19,0.3,12.8,0.053,48.5,229,0.9986,3.14,0.49,9.1,634
8.2,0.26,0.49,5.2,0.04,19,100,0.9941,3.12,0.34,10.1,635
6.1,0.25,0.28,10,0.055,56,131,0.994,3.22,0.35,10.9,636
6.8,0.27,0.35,7.8,0.048,76,197,0.9959,3.24,0.43,9.5,637
7.2,0.43,0.24,6.7,0.058,40,163,0.995,3.2,0.41,9.9,638
7.5,0.33,0.36,2.6,0.051,26,126,0.99097,3.32,0.53,12.7,639
7.2,0.16,0.49,1.3,0.037,27,104,0.9924,3.23,0.57,10.6,640
6.6,0.54,0.21,16.3,0.055,41,182,0.9986,3.35,0.54,10.4,641
6.8,0.17,0.74,2.4,0.053,61,182,0.9953,3.63,0.76,10.5,642
6.8,0.34,0.69,1.3,0.058,12,171,0.9931,3.06,0.47,9.7,643
7.2,0.23,0.39,1.5,0.053,26,106,0.99166,3.18,0.47,11.1,644
6.8,0.29,0.56,11.9,0.043,66,230,0.9972,3.02,0.63,9.3,645
7.2,0.19,0.39,1.2,0.036,32,85,0.9918,3.16,0.5,10.5,646
5.6,0.295,0.2,2.2,0.049,18,134,0.99378,3.21,0.68,10,647
6,0.2,0.38,1.3,0.034,37,104,0.98865,3.11,0.52,12.7,648
6.3,0.12,0.36,2.1,0.044,47,146,0.9914,3.27,0.74,11.4,649
6.9,0.34,0.49,7.3,0.045,61,206,0.9957,3.09,0.4,9,650
6.4,0.18,0.31,1.6,0.049,36,127,0.9934,3.6,0.67,10.4,651
7,0.25,0.33,2.1,0.021,17,76,0.99021,3.26,0.45,12.3,652
7.2,0.19,0.39,1.2,0.036,32,85,0.9918,3.16,0.5,10.5,653
7.4,0.22,0.33,2,0.045,31,101,0.9931,3.42,0.55,11.4,654
7,0.15,0.28,14.7,0.051,29,149,0.99792,2.96,0.39,9,655
7.2,0.23,0.39,14.2,0.058,49,192,0.9979,2.98,0.48,9,656
6.8,0.22,0.41,6.7,0.034,39,116,0.99245,3.18,0.46,11.5,657
7.5,0.42,0.19,6.9,0.041,62,150,0.99508,3.23,0.37,10,658
3.9,0.225,0.4,4.2,0.03,29,118,0.989,3.57,0.36,12.8,659
7,0.25,0.45,2.3,0.045,40,118,0.99064,3.16,0.48,11.9,660
9.8,0.31,0.49,15.4,0.046,13,119,1.0004,3.18,0.45,9.5,661
5.8,0.34,0.16,7,0.037,26,116,0.9949,3.46,0.45,10,662
5.7,0.22,0.2,16,0.044,41,113,0.99862,3.22,0.46,8.9,663
4.8,0.29,0.23,1.1,0.044,38,180,0.98924,3.28,0.34,11.9,664
5.9,0.33,0.32,8.1,0.038,9,34,0.9911,3.22,0.36,12.7,665
7.1,0.47,0.29,14.8,0.024,22,142,0.99518,3.12,0.48,12,666
8,0.61,0.38,12.1,0.301,24,220,0.9993,2.94,0.48,9.2,667
7.8,0.39,0.26,9.9,0.059,33,181,0.9955,3.04,0.42,10.9,668
6,0.17,0.29,5,0.028,25,108,0.99076,3.14,0.34,12.3,669
6.7,0.16,0.37,1.3,0.036,45,125,0.98964,3.19,0.51,12.4,670
6.7,0.51,0.24,2.1,0.043,14,155,0.9904,3.22,0.6,13,671
6.9,0.24,0.4,15.4,0.052,81,198,0.9986,3.2,0.69,9.4,672
8,0.55,0.17,8.2,0.04,13,60,0.9956,3.09,0.3,9.5,673
6.1,0.27,0.25,1.8,0.041,9,109,0.9929,3.08,0.54,9,674
6,0.26,0.15,1.2,0.053,35,124,0.99347,3.08,0.46,8.8,675
8.2,0.18,0.49,1.1,0.033,28,81,0.9923,3,0.68,10.4,676
6.6,0.24,0.29,2,0.023,19,86,0.99,3.25,0.45,12.5,677
7.5,0.705,0.1,13,0.044,44,214,0.99741,3.1,0.5,9.1,678
6.8,0.52,0.26,5.7,0.038,27,130,0.99,3.11,0.27,13,679
7.1,0.25,0.39,2.1,0.036,30,124,0.9908,3.28,0.43,12.2,680
5.9,0.32,0.26,1.5,0.057,17,141,0.9917,3.24,0.36,10.7,681
6.7,0.3,0.29,2.8,0.025,37,107,0.99159,3.31,0.63,11.3,682
5.8,0.26,0.24,9.2,0.044,55,152,0.9961,3.31,0.38,9.4,683
7.1,0.3,0.49,1.6,0.045,31,100,0.9942,3.4,0.59,10.2,684
6.3,0.27,0.46,11.1,0.053,44,177,0.99691,3.18,0.67,9.4,685
6.1,0.28,0.25,12.9,0.054,34,189,0.9979,3.25,0.43,9,686
6.9,0.24,0.34,4.7,0.04,43,161,0.9935,3.2,0.59,10.6,687
7.3,0.32,0.35,1.4,0.05,8,163,0.99244,3.24,0.42,10.7,688
8.2,0.28,0.42,1.8,0.031,30,93,0.9917,3.09,0.39,11.4,689
6.8,0.22,0.32,5.9,0.054,40,152,0.9938,3.2,0.57,10.8,690
5.6,0.26,0.18,1.4,0.034,18,135,0.99174,3.32,0.35,10.2,691
6.9,0.24,0.37,6.1,0.027,38,112,0.99086,3.19,0.34,12.4,692
5.9,0.29,0.32,1.4,0.022,17,47,0.9899,3.35,0.35,11.5,693
7,0.24,0.47,1.3,0.043,18,131,0.99176,3.19,0.45,11,694
6.4,0.3,0.45,3.5,0.197,76,180,0.9942,3.02,0.39,9.1,695
6.3,0.22,0.33,1.7,0.041,67,164,0.9928,3.32,0.56,10.4,696
6.9,0.52,0.54,7.9,0.036,23,169,0.99267,3.26,0.47,12.2,697
7.5,0.42,0.2,1.4,0.06,15,168,0.9944,3.06,0.4,9.4,698
6,0.26,0.26,2.2,0.035,10,72,0.989465,3.11,0.48,12.15,699
8.4,0.23,0.49,7.8,0.035,22,95,0.9935,3.04,0.34,12,700
7,0.14,0.49,5.9,0.053,22,118,0.9954,3.36,0.36,9.4,701
9,0.22,0.49,10.4,0.048,52,195,0.9987,3.31,0.44,10.2,702
6.9,0.34,0.74,11.2,0.069,44,150,0.9968,3,0.81,9.2,703
7.3,0.21,0.49,1.8,0.038,44,152,0.9912,3.32,0.44,12.6,704
6.7,0.48,0.32,1.4,0.021,22,121,0.9889,3.15,0.53,12.7,705
7.2,0.2,0.38,1,0.037,21,74,0.9918,3.21,0.37,11,706
6.6,0.25,0.24,1.7,0.048,26,124,0.9942,3.37,0.6,10.1,707
7.1,0.26,0.19,8.2,0.051,53,187,0.996,3.16,0.52,9.7,708
6,0.41,0.05,1.5,0.063,17,120,0.9932,3.21,0.56,9.2,709
6.6,0.22,0.36,5.5,0.029,30,105,0.99206,3.2,0.47,11.8,710
7.8,0.42,0.26,9.2,0.058,34,199,0.9972,3.14,0.55,9.3,711
7.9,0.17,0.32,1.6,0.053,47,150,0.9948,3.29,0.76,9.6,712
6.6,0.4,0.32,1.7,0.035,39,84,0.99096,3.59,0.48,12.7,713
7.8,0.32,0.31,1.7,0.036,46,195,0.993,3.03,0.48,10.5,714
7,0.3,0.49,4.7,0.036,17,105,0.9916,3.26,0.68,12.4,715
6.6,0.33,0.41,2,0.027,14,79,0.99063,3.27,0.63,12.4,716
6.4,0.17,0.27,1.5,0.037,20,98,0.9916,3.46,0.42,11,717
6.6,0.22,0.53,15.1,0.052,22,136,0.9986,2.94,0.35,9.4,718
7.5,0.41,0.23,14.8,0.054,28,174,0.99898,3.18,0.49,9.7,719
6.4,0.32,0.23,16.2,0.055,36,176,0.9986,3.26,0.54,9.1,720
7.5,0.14,0.34,1.3,0.055,50,153,0.9945,3.29,0.8,9.6,721
6.6,0.31,0.28,1.4,0.035,28,107,0.98836,3,0.4,13.2,722
7.2,0.34,0.2,5.8,0.062,52,203,0.99461,3.17,0.44,9.8,723
6.1,0.38,0.14,3.9,0.06,27,113,0.99344,3.07,0.34,9.2,724
6.3,0.23,0.3,1.8,0.033,16,91,0.9906,3.28,0.4,11.8,725
6.6,0.25,0.51,8,0.047,61,189,0.99604,3.22,0.49,9.2,726
6.7,0.18,0.19,4.7,0.046,57,161,0.9946,3.32,0.66,10.5,727
6.9,0.31,0.34,7.4,0.059,36,174,0.9963,3.46,0.62,11.1,728
7,0.27,0.74,1.3,0.173,34,121,0.99334,3.04,0.46,9.2,729
7.3,0.51,0.29,11.3,0.034,61,224,0.99683,3.14,0.56,9.5,730
6.8,0.34,0.36,8.9,0.029,44,128,0.99318,3.28,0.35,11.95,731
7.2,0.19,0.31,1.6,0.062,31,173,0.9917,3.35,0.44,11.7,732
6.2,0.33,0.14,4.8,0.052,27,128,0.99475,3.21,0.48,9.4,733
6.9,0.19,0.35,13.5,0.038,49,118,0.99546,3,0.63,10.7,734
6.8,0.19,0.33,1.3,0.031,22,87,0.98987,3.08,0.62,12.3,735
7.4,0.22,0.27,1.6,0.057,45,98,0.99299,3.29,0.44,9.9,736
7.7,0.29,0.48,2.3,0.049,36,178,0.9931,3.17,0.64,10.6,737
5.8,0.25,0.28,11.1,0.056,45,175,0.99755,3.42,0.43,9.5,738
7.1,0.2,0.31,7.4,0.053,32,211,0.99587,3.31,0.59,10.4,739
7.6,0.37,0.34,3.2,0.028,42,162,0.9903,3.01,0.33,12.4,740
6.2,0.28,0.51,7.9,0.056,49,206,0.9956,3.18,0.52,9.4,741
6.3,0.27,0.18,7.7,0.048,45,186,0.9962,3.23,0.47,9,742
6.7,0.23,0.25,1.6,0.036,28,143,0.99256,3.3,0.54,10.3,743
7,0.34,0.3,1.8,0.045,44,142,0.9914,2.99,0.45,10.8,744
5.1,0.26,0.34,6.4,0.034,26,99,0.99449,3.23,0.41,9.2,745
5.7,0.255,0.65,1.2,0.079,17,137,0.99307,3.2,0.42,9.4,746
5.7,0.28,0.36,1.8,0.041,38,90,0.99002,3.27,0.98,11.9,747
7.5,0.3,0.71,1.3,0.16,44,149,0.9948,3.08,0.42,8.9,748
7.2,0.21,0.28,2.7,0.033,38,94,0.99075,2.99,0.43,11.8,749
6.2,0.31,0.26,4.8,0.037,36,148,0.9928,3.21,0.41,10.4,750
7.2,0.23,0.38,14.3,0.058,55,194,0.9979,3.09,0.44,9,751
5.8,0.32,0.38,4.75,0.033,23,94,0.991,3.42,0.42,11.8,752
7.4,0.38,0.34,8.3,0.052,44,168,0.99627,3.11,0.52,9.2,753
5.1,0.35,0.26,6.8,0.034,36,120,0.99188,3.38,0.4,11.5,754
6.9,0.4,0.42,6.2,0.066,41,176,0.99552,3.12,0.54,9.4,755
5.9,0.4,0.32,6,0.034,50,127,0.992,3.51,0.58,12.5,756
5.4,0.415,0.19,1.6,0.039,27,88,0.99265,3.54,0.41,10,757
6.2,0.22,0.28,2.2,0.04,24,125,0.9917,3.19,0.48,10.5,758
8.5,0.23,0.4,9.9,0.036,24,88,0.9951,3.02,0.42,10.5,759
7.1,0.53,0.24,0.8,0.029,29,86,0.993,3.16,0.32,9.1,760
6.4,0.24,0.26,8.2,0.054,47,182,0.99538,3.12,0.5,9.5,761
6.6,0.31,0.37,6.2,0.052,13,164,0.99602,3.24,0.39,8.8,762
7.3,0.34,0.39,5.2,0.04,45,163,0.9925,3.3,0.47,12.4,763
5.6,0.32,0.32,8.3,0.043,32,105,0.99266,3.24,0.47,11.2,764
6.4,0.23,0.37,7.9,0.05,60,150,0.99488,2.86,0.49,9.3,765
6,0.32,0.33,9.9,0.032,22,90,0.99258,3.1,0.43,12.1,766
8.7,0.22,0.42,2.3,0.053,27,114,0.994,2.99,0.43,10,767
7,0.32,0.24,6.2,0.048,31,228,0.9957,3.23,0.62,9.4,768
6.6,0.32,0.24,1.3,0.06,42.5,204,0.99512,3.59,0.51,9.2,769
7.5,0.42,0.14,10.7,0.046,18,95,0.9959,3.22,0.33,10.7,770
6.9,0.23,0.4,7.5,0.04,50,151,0.9927,3.11,0.27,11.4,771
7.4,0.2,0.35,6.1,0.025,10,40,0.99244,2.79,0.52,10.9,772
5.9,0.25,0.24,7.4,0.044,21,113,0.99462,3.38,0.58,10.5,773
8.6,0.31,0.3,0.9,0.045,16,109,0.99249,2.95,0.39,10.1,774
7.1,0.13,0.38,1.8,0.046,14,114,0.9925,3.32,0.9,11.7,775
6.2,0.44,0.18,7.7,0.096,28,210,0.99771,3.56,0.72,9.2,776
6.3,0.21,0.4,1.7,0.031,48,134,0.9917,3.42,0.49,11.5,777
6.8,0.23,0.42,7.4,0.044,56,189,0.9958,3.22,0.48,9.3,778
7,0.39,0.24,1,0.048,8,119,0.9923,3,0.31,10.1,779
6,0.23,0.34,1.3,0.025,23,111,0.98961,3.36,0.37,12.7,780
6.8,0.27,0.3,13,0.047,69,160,0.99705,3.16,0.5,9.6,781
5.7,0.25,0.32,12.2,0.041,43,127,0.99524,3.23,0.53,10.4,782
8.4,0.23,0.32,1.3,0.048,59,113,0.99178,3.1,0.55,11,783
5.8,0.315,0.27,1.55,0.026,15,70,0.98994,3.37,0.4,11.9,784
6.5,0.28,0.29,2.7,0.038,26,107,0.9912,3.32,0.41,11.6,785
6.2,0.25,0.21,15.55,0.039,28,159,0.9982,3.48,0.64,9.6,786
6.7,0.24,0.33,12.3,0.046,31,145,0.9983,3.36,0.4,9.5,787
7.4,0.16,0.49,1.2,0.055,18,150,0.9917,3.23,0.47,11.2,788
6.1,0.28,0.27,4.7,0.03,56,140,0.99042,3.16,0.42,12.5,789
7.7,0.23,0.31,10.7,0.038,59,186,0.9969,3.12,0.55,9.5,790
6.7,0.27,0.3,13.9,0.029,34,131,0.9953,3.36,0.5,12,791
7.3,0.26,0.33,17.85,0.049,41.5,195,1,3.06,0.44,9.1,792
6.4,0.32,0.5,10.7,0.047,57,206,0.9968,3.08,0.6,9.4,793
6.8,0.57,0.29,2.2,0.04,15,77,0.9938,3.32,0.74,10.2,794
6.3,0.25,0.22,3.3,0.048,41,161,0.99256,3.16,0.5,10.5,795
6.3,0.67,0.48,12.6,0.052,57,222,0.9979,3.17,0.52,9.3,796
6.4,0.16,0.37,1.5,0.037,27,109,0.99345,3.38,0.5,9.8,797
7.6,0.26,0.32,1.3,0.048,23,76,0.9903,2.96,0.46,12,798
8.5,0.28,0.34,13.8,0.041,32,161,0.9981,3.13,0.4,9.9,799
6.8,0.21,0.36,18.1,0.046,32,133,1,3.27,0.48,8.8,800
6.6,0.38,0.28,2.8,0.043,17,67,0.98924,3.21,0.47,13.2,801
7,0.34,0.26,10.3,0.041,51,166,0.99382,3.08,0.35,11.6,802
5.2,0.365,0.08,13.5,0.041,37,142,0.997,3.46,0.39,9.9,803
6.4,0.41,0.01,6.1,0.048,20,70,0.99362,3.19,0.42,10,804
6.7,0.2,0.41,9.1,0.044,50,166,0.9954,3.14,0.58,9.8,805
8.3,0.25,0.49,16.8,0.048,50,228,1.0001,3.03,0.52,9.2,806
6.3,0.21,0.28,1.5,0.051,46,142,0.9928,3.23,0.42,10.1,807
5.7,0.25,0.26,12.5,0.049,52.5,120,0.99691,3.08,0.45,9.4,808
6.7,0.3,0.5,12.1,0.045,38,127,0.9974,3.04,0.53,8.9,809
6.6,0.36,0.52,10.1,0.05,29,140,0.99628,3.07,0.4,9.4,810
6,0.26,0.24,1.3,0.053,66,150,0.9924,3.21,0.62,10.4,811
6.3,0.31,0.3,10,0.046,49,212,0.9962,3.74,0.55,11.9,812
6.3,0.3,0.91,8.2,0.034,50,199,0.99394,3.39,0.49,11.7,813
6.2,0.39,0.24,4.8,0.037,45,138,0.99174,3.23,0.43,11.2,814
7.1,0.18,0.39,15.25,0.047,45,158,0.99946,3.34,0.77,9.1,815
6.5,0.29,0.3,9.15,0.051,25,166,0.99339,3.24,0.56,11.3333333333333,816
6,0.28,0.24,17.8,0.047,42,111,0.99896,3.1,0.45,8.9,817
6.5,0.18,0.33,8,0.051,16,131,0.9965,3.28,0.44,8.7,818
6.5,0.22,0.25,17.1,0.05,44,138,1.0001,3.3,0.37,8.8,819
7.4,0.16,0.27,15.5,0.05,25,135,0.9984,2.9,0.43,8.7,820
6.9,0.18,0.38,8.1,0.049,44,176,0.9958,3.3,0.54,9.8,821
7.7,0.26,0.34,6.4,0.05,36,163,0.9937,3.19,0.7,11.5,822
7.9,0.2,0.39,1,0.041,37,154,0.99093,3.08,0.43,11.9,823
6.5,0.46,0.24,11.5,0.051,56,171,0.99588,3.08,0.56,9.8,824
6.8,0.22,0.24,4.9,0.092,30,123,0.9951,3.03,0.46,8.6,825
7,0.21,0.34,8,0.057,19,101,0.9954,2.99,0.59,9.4,826
6.3,0.15,0.34,11.4,0.05,25,96,0.99754,3.21,0.49,10,827
8,0.37,0.31,4.7,0.038,3,127,0.99186,2.9,0.72,12.1,828
7,0.15,0.28,14.7,0.051,29,149,0.99792,2.96,0.39,9,829
6.4,0.29,0.44,3.6,0.2,75,181,0.9942,3.02,0.41,9.1,830
5.7,0.23,0.25,7.95,0.042,16,108,0.99486,3.44,0.61,10.3,831
6.8,0.21,0.42,1.2,0.045,24,126,0.99234,3.09,0.87,10.9,832
8.9,0.27,0.28,0.8,0.024,29,128,0.98984,3.01,0.35,12.4,833
5.5,0.315,0.38,2.6,0.033,10,69,0.9909,3.12,0.59,10.8,834
5.7,0.22,0.22,16.65,0.044,39,110,0.99855,3.24,0.48,9,835
8.5,0.32,0.36,14.9,0.041,47,190,0.9982,3.08,0.31,10,836
7.3,0.34,0.3,9.4,0.057,34,178,0.99554,3.15,0.44,10.4,837
5.9,0.32,0.39,3.3,0.114,24,140,0.9934,3.09,0.45,9.2,838
6.5,0.21,0.28,1.4,0.046,26,66,0.99199,3.43,0.48,11.1,839
6.9,0.2,0.3,4.7,0.041,40,148,0.9932,3.16,0.35,10.2,840
6.2,0.22,0.49,6,0.029,31,128,0.9928,3.41,0.36,11.3,841
6.6,0.26,0.28,9.4,0.028,13,121,0.99254,3.17,0.34,12.1,842
7.5,0.33,0.32,11.1,0.036,25,119,0.9962,3.15,0.34,10.5,843
6.2,0.2,0.31,1,0.031,22,73,0.99035,3.24,0.52,11.3,844
5.8,0.2,0.3,1.5,0.031,21,57,0.99115,3.44,0.55,11,845
8.3,0.3,0.36,10,0.042,33,169,0.9982,3.23,0.51,9.3,846
7.5,0.26,0.31,1.6,0.032,36,109,0.99044,2.97,0.43,11.9,847
6.5,0.28,0.34,4.6,0.054,22,130,0.99193,3.2,0.46,12,848
6.6,0.24,0.38,12.75,0.034,8,74,0.99386,3.1,0.57,12.9,849
6.2,0.19,0.38,5.1,0.019,22,82,0.98961,3.05,0.36,12.5,850
6.5,0.18,0.26,1.4,0.041,40,141,0.9941,3.34,0.72,9.5,851
8,0.3,0.49,9.4,0.046,47,188,0.9964,3.14,0.48,10,852
5.4,0.31,0.47,3,0.053,46,144,0.9931,3.29,0.76,10,853
6.9,0.37,0.23,9.5,0.057,54,166,0.99568,3.23,0.42,10,854
8.2,0.34,0.49,8,0.046,55,223,0.996,3.08,0.52,10.7,855
6.9,0.48,0.36,3.5,0.03,31,135,0.9904,3.14,0.38,12.2,856
6.9,0.37,0.23,9.5,0.057,54,166,0.99568,3.23,0.42,10,857
6.5,0.18,0.41,14.2,0.039,47,129,0.99678,3.28,0.72,10.3,858
7.6,0.18,0.36,2.4,0.049,38,123,0.996,3.6,0.46,10.3,859
6.7,0.34,0.31,16.4,0.051,20,146,0.99834,3.06,0.54,9.1,860
7.4,0.34,0.28,12.1,0.049,31,149,0.99677,3.22,0.49,10.3,861
7.6,0.2,0.39,2.6,0.044,30,180,0.9941,3.46,0.44,10.8,862
8.3,0.22,0.38,14.8,0.054,32,126,1.0002,3.22,0.5,9.7,863
6.1,0.24,0.26,1.7,0.033,61,134,0.9903,3.19,0.81,11.9,864
6.1,0.34,0.46,4.7,0.029,21,94,0.991,3.29,0.62,12.3,865
7.1,0.16,0.25,1.3,0.034,28,123,0.9915,3.27,0.55,11.4,866
6.3,0.24,0.29,13.7,0.035,53,134,0.99567,3.17,0.38,10.6,867
6.8,0.29,0.16,1.4,0.038,122.5,234.5,0.9922,3.15,0.47,10,868
7,0.14,0.41,0.9,0.037,22,95,0.9914,3.25,0.43,10.9,869
5.4,0.59,0.07,7,0.045,36,147,0.9944,3.34,0.57,9.7,870
6.6,0.32,0.33,2.5,0.052,40,219.5,0.99316,3.15,0.6,10,871
6.1,0.26,0.28,1.7,0.043,24,98,0.98918,3.14,0.44,12.5,872
7.7,0.44,0.24,11.2,0.031,41,167,0.9948,3.12,0.43,11.3,873
6.7,0.15,0.29,5,0.058,28,105,0.9946,3.52,0.44,10.2,874
6.4,0.25,0.32,0.9,0.034,40,114,0.99114,3.31,0.58,10.8,875
6.8,0.15,0.33,4.7,0.059,31,118,0.9956,3.43,0.39,9,876
7.9,0.28,0.49,7.7,0.045,48,195,0.9954,3.04,0.55,11,877
5.6,0.42,0.34,2.4,0.022,34,97,0.98915,3.22,0.38,12.8,878
7,0.31,0.29,1.4,0.037,33,128,0.9896,3.12,0.36,12.2,879
7,0.27,0.32,6.8,0.047,47,193,0.9938,3.23,0.39,11.4,880
7.1,0.21,0.32,2.2,0.037,28,141,0.993,3.2,0.57,10,881
8.1,0.12,0.38,0.9,0.034,36,86,0.99026,2.8,0.55,12,882
6.6,0.3,0.74,4.6,0.041,36,159,0.9946,3.21,0.45,9.9,883
6.8,0.18,0.3,12.8,0.062,19,171,0.99808,3,0.52,9,884
6.4,0.37,0.37,4.85,0.041,39.5,216.5,0.99432,3.1,0.5,9.8,885
7.7,0.28,0.35,15.3,0.056,31,117,0.9998,3.27,0.5,9.6,886
7.5,0.22,0.32,2.4,0.045,29,100,0.99135,3.08,0.6,11.3,887
8.4,0.18,0.42,5.1,0.036,7,77,0.9939,3.16,0.52,11.7,888
7.2,0.47,0.65,8.3,0.083,27,182,0.9964,3,0.35,9.2,889
7.7,0.26,0.4,1.1,0.042,9,60,0.9915,2.89,0.5,10.6,890
7.2,0.22,0.35,5.5,0.054,37,183,0.99474,3.08,0.5,10.3,891
9.2,0.32,0.42,1.3,0.046,14,186,0.9949,3.08,0.48,9.6,892
7.1,0.24,0.41,17.8,0.046,39,145,0.9998,3.32,0.39,8.7,893
5.8,0.15,0.49,1.1,0.048,21,98,0.9929,3.19,0.48,9.2,894
7.6,0.16,0.44,1.4,0.043,25,109,0.9932,3.11,0.75,10.3,895
6.9,0.25,0.24,1.8,0.053,6,121,0.993,3.23,0.7,11.4,896
6.6,0.34,0.18,6.4,0.082,47,240,0.9971,3.42,0.48,9.2,897
6.6,0.32,0.26,4.6,0.031,26,120,0.99198,3.4,0.73,12.5,898
8.5,0.25,0.27,4.7,0.031,31,92,0.9922,3.01,0.33,12,899
7.2,0.17,0.34,6.4,0.042,16,111,0.99278,2.99,0.4,10.8,900
6.7,0.35,0.32,9,0.032,29,113,0.99188,3.13,0.65,12.9,901
7.2,0.21,0.35,14.5,0.048,35,178,0.9982,3.05,0.47,8.9,902
6.2,0.38,0.18,7.4,0.095,28,195,0.99773,3.53,0.71,9.2,903
7.1,0.21,0.72,1.6,0.167,65,120,0.99324,2.97,0.51,9.2,904
7,0.22,0.26,9.2,0.027,37,122,0.99228,3.06,0.34,12.5,905
6.6,0.56,0.15,10,0.037,38,157,0.99642,3.28,0.52,9.4,906
7.7,0.22,0.42,1.9,0.052,10,87,0.9922,3.3,0.49,11.8,907
7.1,0.24,0.41,17.8,0.046,39,145,0.9998,3.32,0.39,8.7,908
6,0.16,0.3,6.7,0.043,43,153,0.9951,3.63,0.46,10.6,909
6.9,0.23,0.35,6.9,0.03,45,116,0.99244,2.8,0.54,11,910
6,0.26,0.34,1.3,0.046,6,29,0.9924,3.29,0.63,10.4,911
6.9,0.28,0.31,7.2,0.04,47,168,0.9946,3.29,0.57,10.6,912
7.1,0.36,0.24,1.8,0.025,32,102,0.9903,3.34,0.59,12.8,913
7.8,0.22,0.38,10.3,0.059,28,99,0.9967,3.12,0.47,10,914
7.3,0.13,0.27,4.6,0.08,34,172,0.9938,3.23,0.39,11.1,915
5.9,0.22,0.45,22.6,0.12,55,122,0.99636,3.1,0.35,12.8,916
6.7,0.24,0.3,10.2,0.07,44,179,0.99666,2.86,0.46,8.9,917
6,0.24,0.32,6.3,0.03,34,129,0.9946,3.52,0.41,10.4,918
6.1,0.29,0.27,1.7,0.024,13,76,0.9893,3.21,0.51,12.6,919
6.7,0.19,0.32,3.7,0.041,26,76,0.99173,2.9,0.57,10.5,920
7.7,0.39,0.34,10,0.056,35,178,0.9974,3.26,0.6,10.2,921
5.2,0.37,0.33,1.2,0.028,13,81,0.9902,3.37,0.38,11.7,922
8.1,0.33,0.22,5.2,0.047,24,151,0.99527,3.22,0.47,10.3,923
6.7,0.28,0.34,8.9,0.048,32,111,0.99455,3.25,0.54,11,924
6.2,0.23,0.36,17.2,0.039,37,130,0.99946,3.23,0.43,8.8,925
7.1,0.26,0.34,14.4,0.067,35,189,0.9986,3.07,0.53,9.1,926
7.5,0.24,0.62,10.6,0.045,51,153,0.99779,3.16,0.44,8.8,927
8.6,0.31,0.3,0.9,0.045,16,109,0.99249,2.95,0.39,10.1,928
9.3,0.2,0.33,1.7,0.05,28,178,0.9954,3.16,0.43,9,929
7.1,0.26,0.31,2.2,0.044,29,128,0.9937,3.34,0.64,10.9,930
8.2,0.35,0.4,6.3,0.039,35,162,0.9936,3.15,0.34,11.9,931
5.9,0.26,0.27,18.2,0.048,52,168,0.9993,3.35,0.44,9.4,932
6.9,0.28,0.3,8.3,0.026,37,113,0.99139,2.99,0.38,12.3,933
7.1,0.21,0.28,2.7,0.034,23,111,0.99405,3.35,0.64,10.2,934
6,0.19,0.29,1.2,0.046,29,92,0.99033,3.22,0.53,11.3,935
7.1,0.2,0.27,9.6,0.037,19,105,0.99444,3.04,0.37,10.5,936
6.6,0.26,0.24,7.2,0.038,28,137,0.9952,3.35,0.6,10.4,937
6.6,0.28,0.41,7,0.046,59,194,0.99558,3.14,0.48,9.4,938
6.2,0.25,0.38,7.9,0.045,54,208,0.99572,3.17,0.46,9.1,939
6.4,0.23,0.3,7.1,0.037,63,236,0.9952,3.06,0.34,9.2,940
6.9,0.38,0.25,9.8,0.04,28,191,0.9971,3.28,0.61,9.2,941
7.9,0.11,0.49,4.5,0.048,27,133,0.9946,3.24,0.42,10.6,942
7.9,0.22,0.45,14.2,0.038,53,141,0.9992,3.03,0.46,9.2,943
8.6,0.2,0.42,1.5,0.041,35,125,0.9925,3.11,0.49,11.4,944
6.5,0.21,0.37,2.5,0.048,70,138,0.9917,3.33,0.75,11.4,945
6.3,0.18,0.22,1.5,0.043,45,155,0.99238,3.19,0.48,10.2,946
7.1,0.36,0.37,4.8,0.019,39,114,0.99036,3.08,0.49,12.7,947
8.2,0.17,0.32,1.5,0.05,17,101,0.994,3.14,0.58,9.5,948
6.5,0.29,0.53,1.7,0.04,41,192,0.9922,3.26,0.59,10.4,949
6.5,0.26,0.43,8.9,0.083,50,171,0.9965,2.85,0.5,9,950
7.8,0.2,0.32,5,0.016,31,101,0.99186,2.99,0.39,11,951
6.6,0.33,0.24,16.05,0.045,31,147,0.99822,3.08,0.52,9.2,952
6.5,0.29,0.52,7.9,0.049,35,192,0.99551,3.16,0.51,9.5,953
7.2,0.585,0.2,10.4,0.086,17,94,0.99681,3.13,0.4,9.4,954
7,0.39,0.21,10.7,0.098,13,91,0.99657,3.03,0.47,9.3,955
7.3,0.19,0.27,13.9,0.057,45,155,0.99807,2.94,0.41,8.8,956
6.4,0.27,0.45,8.3,0.05,52,196,0.9955,3.18,0.48,9.5,957
8.2,0.42,0.29,4.1,0.03,31,100,0.9911,3,0.32,12.8,958
6.8,0.19,0.36,1.9,0.035,30,96,0.9917,3.15,0.54,10.8,959
6.4,0.44,0.26,2,0.054,20,180,0.9952,3.58,0.57,10,960
7.8,0.18,0.31,12.2,0.053,46,140,0.998,3.06,0.53,8.9,961
5.7,0.265,0.28,6.9,0.036,46,150,0.99299,3.36,0.44,10.8,962
6.6,0.19,0.35,1.5,0.037,37,107,0.99006,3.18,0.68,12,963
7.8,0.3,0.29,16.85,0.054,23,135,0.9998,3.16,0.38,9,964
6.7,0.39,0.31,2.7,0.054,27,202,0.9948,3.46,0.57,10.5,965
5.8,0.2,0.24,1.4,0.033,65,169,0.99043,3.59,0.56,12.3,966
6.6,0.285,0.49,11.4,0.035,57,137,0.99732,3.08,0.54,8.9,967
6.9,0.23,0.34,4,0.047,24,128,0.9944,3.2,0.52,9.7,968
7.4,0.16,0.3,1.4,0.064,34,166,0.99136,3.11,0.42,11.4333333333333,969
8.3,0.25,0.33,2.5,0.053,12,72,0.99404,2.89,0.48,9.5,970
9.2,0.18,0.49,1.5,0.041,39,130,0.9945,3.04,0.49,9.8,971
6.1,0.4,0.31,0.9,0.048,23,170,0.993,3.22,0.77,9.5,972
6.6,0.38,0.29,2.4,0.136,15,93,0.99336,3.18,0.6,9.5,973
8.1,0.12,0.49,1.2,0.042,43,160,0.9934,3.13,0.48,9.7,974
7.7,0.32,0.61,11.8,0.041,66,188,0.99794,3,0.54,9.3,975
7.1,0.23,0.28,1.9,0.046,33,103,0.98997,3.12,0.31,12,976
7.4,0.39,0.23,7,0.033,29,126,0.994,3.14,0.42,10.5,977
5.8,0.19,0.33,4.2,0.038,49,133,0.99107,3.16,0.42,11.3,978
5.6,0.29,0.05,0.8,0.038,11,30,0.9924,3.36,0.35,9.2,979
6.3,0.29,0.14,7.05,0.045,50,177,0.99564,3.23,0.42,9,980
